dgerssam0,f1d0d29a-f067-45a1-b753-e3d1e8e3d32f,Guinea,Developer III
madamou1,cf8c06c7-bff1-47ce-944f-0f1975aa5e73,Portugal,Physical Therapy Assistant
aklees2,eccad4b8-1844-42ef-b75e-8c09ce4968f0,Indonesia,Account Executive
caddenbrooke3,b04728fb-dd70-4a51-8598-dade97a2bc90,Germany,Registered Nurse
dfrostick4,f96f08ff-0345-4e9b-b6ac-32611e7388a7,France,Executive Secretary
dpalatini5,97260602-a1c0-48d8-9a2a-3a9121a51b7d,Cuba,Staff Accountant I
trobart6,82f4f40b-a1d6-4a60-9eda-5a8149ee5314,China,Research Associate
llavell7,8fbf0b93-9cd0-4764-8177-987b3bac90a9,China,Account Coordinator
prantoul8,c39a3cdd-4d92-42cc-84e0-d4374d5c035b,China,Administrative Assistant IV
jwigfall9,b88b08b2-bab6-401d-babe-673f99ceaa92,China,VP Quality Control
afraneka,2c53af80-805e-4d5f-a3ac-77fcaf05b939,China,Compensation Analyst
sortellsb,defc6b88-b68d-40f3-8bd8-57f3b10d31ee,Sweden,Staff Scientist
abattesonc,bc3c3c93-cb52-41ec-be18-de31aca8a19d,Kosovo,Librarian
acansfieldd,869689e2-dc59-41d2-873f-3f190c5ee5b3,Russia,Project Manager
lcanteroe,16232231-bd5c-42b6-b097-862715b269be,Swaziland,Analog Circuit Design manager
cmccloshf,a0131bea-acd1-43e2-9647-3b0430a0493e,Indonesia,Senior Sales Associate
tlesserg,84a05bd4-813c-42b8-9a45-91d0e8b6a9a4,United States,Statistician II
tdennanth,c568f412-4adf-4a77-a1b8-1c3ae4d8f51a,Ukraine,Tax Accountant
jogdahli,8ef52b0e-2639-4cbd-b156-06dee5a14153,Yemen,Account Coordinator
ashenfischj,6d730a31-4e34-426c-a1b5-2e17004eb888,Poland,Legal Assistant
tmatterfacek,29d16a01-49cc-48bf-8d73-e6e4b60ad29f,China,Senior Developer
qoconnelll,e25671e0-7597-4457-bbe2-e6381e61aa27,Japan,Account Representative II
bbirtwislem,421a804b-63af-4c6c-957a-1ec8d9e31a1c,Nicaragua,VP Marketing
ikrochmannn,4c1781ce-a624-4cd9-875c-6d3dc20edcd5,China,Accounting Assistant I
llysonso,ee4b3bae-9aa5-4207-bec4-875c4b1a46bd,Guatemala,Assistant Professor
alittrikp,c581762f-45d7-4ed7-ab11-0880fa2b2fe1,Ukraine,VP Accounting
smellmothq,5eea9a93-27d0-43dc-93f6-12d8bd830f71,China,General Manager
alinnardr,8e72a7f9-55e2-47b2-b693-df1ccbb1e4be,El Salvador,Database Administrator IV
tpetigrews,9847da02-9c50-4b26-bf49-a72ede826056,Bulgaria,Assistant Media Planner
lmacparlandt,f59685c9-beff-4843-8d2d-584481ab437b,Haiti,Software Consultant
scheesworthu,5ba1c467-d5dc-4d48-9169-5c55aa9ef5aa,China,Account Coordinator
tdawdaryv,b85c8181-dc04-4967-b9d2-8d1f20978d77,Russia,Executive Secretary
lwreakw,2f2c704d-9278-4872-828e-6ff0893649b3,China,Media Manager II
cstollbergx,f85fed54-7d3a-4e0b-9386-be413626a9c4,Afghanistan,Systems Administrator I
dhukinsy,f16dbb5d-607c-44ba-99c6-0dbb717aa8db,Burkina Faso,Associate Professor
lalmackz,ff03b127-cf10-4c1b-a350-4ea519214b17,China,Human Resources Assistant III
ttwort10,dd0b3577-c6d3-4ab1-a055-1ed86f51dc5d,China,Executive Secretary
nelstow11,821256be-4a31-450d-9740-f1b2550a4d28,Honduras,VP Marketing
tallanby12,a3823971-73c7-4656-b403-7657cf695243,China,Account Representative IV
hbrandoni13,6bbdaea9-8bf8-41aa-aed0-6b5b493620b7,Colombia,Food Chemist
mcaldecutt14,a20582c6-e5c8-437b-90af-ffe2482b137d,Uganda,Biostatistician I
fparmenter15,9d0e986d-b355-492a-8329-c0c9acd6d184,Colombia,Financial Advisor
idmitrovic16,eeed6b1d-7f3c-49f1-92df-e207573fbf72,Estonia,VP Sales
sbladen17,32d8dddd-187c-4ef4-988a-d9bd7fe92c51,Russia,Senior Developer
zvorley18,4a761db3-be86-498c-88a9-c8fbaebdd3c5,Vietnam,Director of Sales
mgrint19,a0c7cbd4-8943-4219-a682-c3ba9ed888e6,China,Junior Executive
dorgel1a,4abb1579-e80a-46d1-9e44-0f748c93365b,Argentina,Programmer III
llackington1b,0a4175dd-eaf7-4aa7-8bb5-f405120dbb67,Russia,Clinical Specialist
astyle1c,b1a5c567-2075-41ef-917a-e4cc6bbff063,France,Programmer I
nbusfield1d,7caeb5f6-a914-4a47-9f28-28ac3b75d284,Indonesia,Geologist II
nsket1e,b4ff7a9d-9247-43ce-89a8-3866829095a7,Czech Republic,Safety Technician III
mbartul1f,a91c8652-4e1b-44f6-971a-2bc0cabfb020,China,Food Chemist
agarrit1g,632b4945-394c-4b1d-b8c7-89fc7d02cc59,Nigeria,Senior Sales Associate
rspykings1h,035d091c-c136-4d21-8c8c-cb9e50ae8e14,Russia,Social Worker
hknudsen1i,102c0882-7af8-4ca9-baba-b85e307793c0,Indonesia,Pharmacist
mdurno1j,7b5c7019-c22b-447a-9935-e3e4f1ef9fac,Indonesia,Safety Technician III
rweetch1k,fb298767-fb40-4d07-a627-05fdaf67706d,Czech Republic,Statistician II
nmcgeechan1l,17b3c557-71c3-4a13-a5e8-e3fdc6dd9bdd,Philippines,Senior Financial Analyst
gbownes1m,5eb7946f-84f8-44f2-b385-b1abe7e2805c,France,VP Accounting
fplacide1n,5d9c19ed-95eb-4839-98ee-6e9d9431e569,Poland,Product Engineer
aollis1o,b578603a-2ff8-430f-bce6-7e507bbbd807,Costa Rica,Automation Specialist II
nmellhuish1p,39e03141-c38b-4fac-81a3-c60ce4b03b3a,Indonesia,Pharmacist
gsugarman1q,704d46cb-f7c5-4108-8220-a63b8fefbff4,Dominican Republic,Safety Technician IV
cheadrick1r,21e6f4ed-85c0-4201-8751-9bd854b34391,France,Software Test Engineer II
jstiddard1s,8b550e0a-b009-4af6-846b-b10cfd283548,France,Structural Analysis Engineer
ckinde1t,d51cfe5a-cb55-4f79-8cf1-bf9f00c3bb65,Estonia,Software Test Engineer I
lgallo1u,bda1ce49-fe77-4c12-8d15-6e6f7c60bca6,Paraguay,Computer Systems Analyst IV
afysh1v,952a9a1a-7c44-4bae-820d-54b0b2dab57a,China,Human Resources Assistant III
wdehailes1w,38197bcc-8e9f-4fa0-a868-e5940712510b,China,Technical Writer
gdumingos1x,57fc9bba-15ff-4913-92ed-550858d444f8,United States,VP Sales
tburch1y,ec939084-db4f-440a-9476-9a0f4f9612cb,Saudi Arabia,Teacher
jtomeo1z,f7520189-a394-405d-8946-3b7ab5c9cbda,Philippines,Actuary
hgerge20,a56ae1bc-a08d-4c85-9dcc-96a05acb0701,Slovenia,General Manager
gryley21,cc49d8c7-7755-4254-9726-5f0296c0250d,Indonesia,VP Product Management
crevens22,5ed8e77e-c63c-47f0-a825-456c0ce21f61,Pakistan,Professor
kbattrick23,d4729d01-014b-4a27-975b-6567a43c53c6,Argentina,Internal Auditor
pottewill24,1930709e-9ff2-4c4c-bb64-2918c7a4750f,Cuba,VP Marketing
swoolard25,a61876f2-731c-4dfb-9e55-b04d453bad49,Mexico,Registered Nurse
vpalister26,33c9a016-b84d-4f63-85b0-3fa88215ace9,Pakistan,Assistant Manager
jwinters27,36874dfb-b19b-4682-a27d-728751335db9,Greece,Environmental Tech
cfawltey28,d6ccdb82-d5b2-4da2-b822-ea15065ad366,China,Project Manager
mmorillas29,90869f04-ca0b-453f-bfee-f6e1649e303b,Russia,Assistant Professor
smeeson2a,06756ed2-6f98-4b0a-86ca-c71adae9d998,Philippines,VP Quality Control
dmacentee2b,6a7f0a5f-88f0-4d44-983a-49d97f03c108,Gabon,Media Manager I
vtompkin2c,e2e425d0-2e69-4130-96d3-42b05a268918,Indonesia,Analog Circuit Design manager
wleftly2d,26420ef2-89f2-4c33-b26f-a8bb51d12d65,China,Senior Quality Engineer
hkirtland2e,5e8d3433-f816-441d-881c-cc88705ec5f9,Yemen,Cost Accountant
mmariet2f,3094bf7e-c396-40b6-9eaf-3bf3a045193a,Indonesia,Sales Representative
abridge2g,941cd1cd-bf55-42a9-b18f-1a258acf6cff,Thailand,Mechanical Systems Engineer
nbramhall2h,c06ee7ae-b89f-4e5b-958d-0604fd3a5395,Canada,Electrical Engineer
minnwood2i,a2b97d18-52f2-4c4c-8f15-45e6b71a1c8b,China,Safety Technician I
cdjakovic2j,35506517-79b5-49df-8871-2670a7a39e51,Finland,Accounting Assistant IV
jstalman2k,0d8a772d-4cca-46d1-9c55-c41285e1fc7d,Portugal,Pharmacist
eleven2l,13ec7bbe-bb53-40c0-9f70-6569644f1e54,Russia,Human Resources Assistant III
vbyng2m,859f563e-4bb6-44e3-aafd-4d2858af4bd0,China,Staff Scientist
gmatteoni2n,80aa272a-928f-47ad-a468-4a16eff81891,Liberia,Account Executive
esmithers2o,6f0c722c-ceba-40e0-90dd-ff6f3fb4097a,Palestinian Territory,Technical Writer
jhedworth2p,18bb6861-a88f-4d74-8f5f-8205fa5f209d,Colombia,Nurse
vepps2q,2554da82-7dad-43a2-aff5-f8e051579168,Uruguay,VP Accounting
akipping2r,f5694db5-dc32-4c7b-894f-723b8a2cd06f,Indonesia,Legal Assistant
